<?xml version="1.0" encoding="UTF-8"?>
<feature
      id="org.eclipse.mat.ui.rcp.feature"
      label="%featureName"
      version="1.4.0.201406041413"
      provider-name="%providerName"
      plugin="org.eclipse.mat.ui.rcp">

   <description>
      %description
   </description>

   <copyright>
      %copyright
   </copyright>

   <license url="%licenseURL">
      %license
   </license>

   <url>
      <update label="%updateSiteName" url="http://download.eclipse.org/mat/1.4/update-site/"/>
   </url>

   <requires>
      <import plugin="org.eclipse.platform" version="0.0.0" match="greaterOrEqual"/>
      <import plugin="org.eclipse.ui.intro" version="3.2.100" match="greaterOrEqual"/>
      <import plugin="org.eclipse.core.runtime" version="3.3.100" match="greaterOrEqual"/>
      <import plugin="org.eclipse.ui" version="3.3.0" match="greaterOrEqual"/>
      <import plugin="org.eclipse.ui.views.log" version="1.0.0" match="greaterOrEqual"/>
      <import plugin="org.eclipse.ui.net" version="0.0.0" match="greaterOrEqual"/>
      <import plugin="org.eclipse.core.resources" version="3.3.0" match="greaterOrEqual"/>
      <import plugin="org.eclipse.core.filesystem" version="1.1.0" match="greaterOrEqual"/>
      <import plugin="org.eclipse.ui.ide" version="3.3.0" match="greaterOrEqual"/>
      <import plugin="org.eclipse.ui.cheatsheets" version="3.3.0" match="greaterOrEqual"/>
      <import plugin="org.eclipse.ui.forms" version="3.3.0" match="greaterOrEqual"/>
      <import plugin="org.eclipse.help.base" version="3.3.0" match="greaterOrEqual"/>
      <import plugin="org.eclipse.birt.chart.engine" version="2.3.0" match="greaterOrEqual"/>
      <import plugin="org.eclipse.birt.chart.device.extension" version="2.3.0" match="greaterOrEqual"/>
      <import plugin="org.eclipse.birt.chart.device.swt" version="2.3.0" match="greaterOrEqual"/>
      <import plugin="org.eclipse.birt.chart.engine.extension" version="2.3.0" match="greaterOrEqual"/>
      <import plugin="org.eclipse.birt.core" version="2.3.0" match="greaterOrEqual"/>
   </requires>

   <plugin
         id="org.eclipse.mat.ui.rcp"
         download-size="81"
         install-size="134"
         version="1.4.0.201406041413"
         unpack="false"/>
         
   <plugin
         id="org.eclipse.mat.report"
         download-size="301"
         install-size="566"
         version="1.4.0.201406041413"
         unpack="false"/>

   <plugin
         id="org.eclipse.mat.api"
         download-size="684"
         install-size="1360"
         version="1.4.0.201406041413"
         unpack="false"/>

   <plugin
         id="org.eclipse.mat.hprof"
         download-size="74"
         install-size="143"
         version="1.4.0.201406041413"
         unpack="false"/>

   <plugin
         id="org.eclipse.mat.parser"
         download-size="337"
         install-size="681"
         version="1.4.0.201406041413"
         unpack="false"/>

   <plugin
         id="org.eclipse.mat.ui"
         download-size="800"
         install-size="1600"
         version="1.4.0.201406041413"
         unpack="false"/>

   <plugin
         id="org.eclipse.mat.ui.help"
         download-size="6965"
         install-size="31332"
         version="1.4.0.201406041413"
         unpack="false"/>

   <plugin
         id="org.eclipse.mat.dtfj"
         download-size="117"
         install-size="254"
         version="1.4.0.201406041413"
         unpack="false"/>

   <plugin
         id="org.eclipse.mat.ibmdumps"
         download-size="39"
         install-size="69"
         version="1.4.0.201406041413"
         unpack="false"/>

   <plugin
         id="org.eclipse.mat.jruby.resolver"
         download-size="15"
         install-size="26"
         version="1.4.0.201406041413"
         unpack="false"/>
         
   <plugin
         id="org.eclipse.mat.chart"
         download-size="19"
         install-size="34"
         version="1.4.0.201406041413"
         unpack="false"/>

   <plugin
         id="org.eclipse.mat.chart.ui"
         download-size="20"
         install-size="37"
         version="1.4.0.201406041413"
         unpack="false"/>

</feature>
