<?xml version="1.0" encoding="UTF-8"?>
<!-- contextQualifierLength=14 -->
<feature
      id="org.eclipse.ecf.filetransfer.feature"
      label="ECF Filetransfer Feature"
      version="3.9.0.v20140528-1625"
      provider-name="Eclipse.org">

   <description url="http://www.eclipse.org/ecf">
      This feature provides the ECF Filetransfer API bundle.  This API is used
by the Eclipse platform to support P2 filetransfer and is required for any of the ECF FileTransfer providers.
   </description>

   <copyright>
      Copyright (c) 2004, 2007 Composent, Inc. and others. All rights
reserved.
This program and the accompanying materials are made available
under the terms of the Eclipse Public License v1.0 which accompanies
this distribution, and is available at 
http://www.eclipse.org/legal/epl-v10.html
 
Contributors: Composent, Inc. - initial API and implementation
   </copyright>

   <license url="%licenseURL">
      %license
   </license>

   <requires>
      <import plugin="org.eclipse.ecf"/>
      <import plugin="org.eclipse.ecf.identity"/>
   </requires>

   <plugin
         id="org.eclipse.ecf.filetransfer"
         download-size="0"
         install-size="0"
         version="5.0.0.v20140528-1625"
         unpack="false"/>

   <plugin
         id="org.eclipse.ecf.provider.filetransfer"
         download-size="0"
         install-size="0"
         version="3.2.200.v20140528-1625"
         unpack="false"/>

</feature>
