<?xml version="1.0" encoding="UTF-8"?>
<config transient="false" date="1402656139176">
	<site enabled="true" updateable="true" policy="USER-EXCLUDE" url="platform:/base/">
		<feature id="org.eclipse.emf.common" url="features/org.eclipse.emf.common_2.10.0.v20140514-1158/" version="2.10.0.v20140514-1158">
		</feature>
		<feature id="org.eclipse.equinox.p2.user.ui" url="features/org.eclipse.equinox.p2.user.ui_2.2.0.v20140523-0116/" version="2.2.0.v20140523-0116">
		</feature>
		<feature id="org.eclipse.ecf.core.feature" url="features/org.eclipse.ecf.core.feature_1.1.0.v20140528-1625/" version="1.1.0.v20140528-1625">
		</feature>
		<feature id="org.eclipse.ecf.filetransfer.ssl.feature" url="features/org.eclipse.ecf.filetransfer.ssl.feature_1.0.0.v20140528-1625/" version="1.0.0.v20140528-1625">
		</feature>
		<feature id="org.eclipse.equinox.p2.extras.feature" url="features/org.eclipse.equinox.p2.extras.feature_1.2.0.v20140523-0116/" version="1.2.0.v20140523-0116">
		</feature>
		<feature id="org.eclipse.rcp" url="features/org.eclipse.rcp_4.4.0.v20140606-1445/" version="4.4.0.v20140606-1445">
		</feature>
		<feature id="org.eclipse.ecf.filetransfer.httpclient4.feature" url="features/org.eclipse.ecf.filetransfer.httpclient4.feature_3.8.1.v20140528-1625/" version="3.8.1.v20140528-1625">
		</feature>
		<feature id="org.eclipse.mat.ui.rcp.feature" plugin-identifier="org.eclipse.mat.ui.rcp" url="features/org.eclipse.mat.ui.rcp.feature_1.4.0.201406041413/" version="1.4.0.201406041413">
		</feature>
		<feature id="org.eclipse.ecf.filetransfer.feature" url="features/org.eclipse.ecf.filetransfer.feature_3.9.0.v20140528-1625/" version="3.9.0.v20140528-1625">
		</feature>
		<feature id="org.eclipse.ecf.filetransfer.httpclient4.ssl.feature" url="features/org.eclipse.ecf.filetransfer.httpclient4.ssl.feature_1.0.0.v20140528-1625/" version="1.0.0.v20140528-1625">
		</feature>
		<feature id="org.eclipse.help" plugin-identifier="org.eclipse.help.base" url="features/org.eclipse.help_2.0.102.v20140606-1215/" version="2.0.102.v20140606-1215">
		</feature>
		<feature id="org.eclipse.equinox.p2.core.feature" url="features/org.eclipse.equinox.p2.core.feature_1.3.0.v20140523-0116/" version="1.3.0.v20140523-0116">
		</feature>
		<feature id="org.eclipse.equinox.p2.rcp.feature" url="features/org.eclipse.equinox.p2.rcp.feature_1.2.0.v20140523-0116/" version="1.2.0.v20140523-0116">
		</feature>
		<feature id="org.eclipse.ecf.core.ssl.feature" url="features/org.eclipse.ecf.core.ssl.feature_1.0.0.v20140528-1625/" version="1.0.0.v20140528-1625">
		</feature>
		<feature id="org.eclipse.e4.rcp" url="features/org.eclipse.e4.rcp_1.3.100.v20140606-1445/" version="1.3.100.v20140606-1445">
		</feature>
		<feature id="org.eclipse.emf.ecore" url="features/org.eclipse.emf.ecore_2.10.0.v20140514-1158/" version="2.10.0.v20140514-1158">
		</feature>
	</site>
</config>
